{"cameraMode":{"drawMode":0,"name":"Shaded","section":"Shading Mode"},"sceneLighting":true,"audioPlay":false,"sceneViewState":{"m_AlwaysRefresh":false,"showFog":true,"showSkybox":false,"showFlares":true,"showImageEffects":true,"showParticleSystems":true,"showVisualEffectGraphs":true,"m_FxEnabled":true},"in2DMode":false,"pivot":{"x":0.06319442391395569,"y":2.8399999141693117,"z":1.8180441856384278},"rotation":{"x":0.26781323552131655,"y":0.3717264235019684,"z":-0.11291472613811493,"w":0.8816722631454468},"size":0.6473112106323242,"orthographic":false}